{"metadata":{"asset_id":"ab4dd497-0977-4739-b2ad-81a5653c0e45","asset_attributes":["notebook"],"name":"asssignment-1","asset_type":"notebook","created_at":"2024-10-06T06:29:02Z","description":"certification","origin_country":"us","owner_id":"IBMid-691000KD4Q","project_id":"7ef12177-744d-4589-b2a0-3f070979e25c","size":3195,"tags":["notebook"],"usage":{"last_update_time":1728201962260,"last_updated_at":"2024-10-06T08:06:02Z"}},"entity":{"notebook":{"kernel":{"name":"python3","display_name":"Python 3.11","language":"python"},"originates_from":{"type":"blank"},"runtime":{"environment":"rt241pys2-7ef12177-744d-4589-b2a0-3f070979e25c"}},"location_definition":{"physical_location_code":"FRA","physical_location_code_assigned_by":"IBMid-691000KD4Q","physical_location_code_rds_id":"c57cb90f-2126-3800-9c9f-9eab82021cdf","physical_location_code_rds_version":"00002024-1005-4070-8107-994142000000_4","physical_location_code_assignment_method":"INFERRED","physical_location_code_added_on":"1728196047577"}},"attachments":[{"id":"017b0c2c-8a44-4683-ae6f-738c7d782e66","version":2,"asset_type":"notebook","name":"attachment for notebook ab4dd497-0977-4739-b2ad-81a5653c0e45","description":"attachment for notebook ab4dd497-0977-4739-b2ad-81a5653c0e45","mime":"application/json","datasource_type":"193a97c1-4475-4a19-b90c-295c4fdc6517","object_key":"notebook/asssignment-1_2b6l2QcXl.ipynb","creator_id":"IBMid-691000KD4Q","create_time":1728196143285,"size":3195,"is_remote":false,"is_managed":false,"is_referenced":true,"is_object_key_read_only":false,"is_user_provided_path_key":true,"transfer_complete":true,"is_partitioned":false,"complete_time_ticks":1728196143285,"user_data":{},"test_doc":0,"handle":{"bucket":"datascienceecosystem-donotdelete-pr-ybjuqs6nj83nid","location":"eu-de","type":"bluemix_cos","key":"notebook/asssignment-1_2b6l2QcXl.ipynb","upload_id":"done","max_part_num":1},"usage":{"access_count":36,"last_accessor_id":"IBMid-691000KD4Q","last_access_time":1728201600587,"last_updater_id":"IBMid-691000KD4Q","last_update_time":1728201600587}}]}
